{
  "JOINTS_Positions": {
    "Green_Yellow_Packets": {
      "PICK": {
        "Angle_Needed": [25.916, 46.745, -46.415, -0.005, 169.355]
      },
      "PLACE": {
        "Angle_Needed": [50.322, 29.454, -81.045, -12.189, 25.564]
      }
    },
    "Blue_Red_Packets": {
      "PICK": {
        "Angle_Needed": [-22.828, 40.854, -34.181, -0.004, 103.36]
      },
      "PLACE": {
        "Angle_Needed": [-31.484, 58.48, -115.558, -46.745, 0.001]
      }
    }
  },
  "Gripper": {
    "OPEN": {
      "Angle_Needed": [0.000064, 0.000064, 0.000043, 0.000020, 0.000064, 0.000064, 0.000043, 0.000020]
    },
    "CLOSE": {
      "Angle_Needed": [0.511, 0.511, 0.342, 0.156, 0.511, 0.511, 0.342, 0.156]
    }
  }
}
